{
    "menu_main": {
        "label": "label_main",
        "buttons": [
            {"label": "button_change_language", "callback_data": "menu_change_language"},
            {"label": "button_filter", "callback_data": "menu_filter"},
            {"label": "button_help", "callback_data": "menu_help"}
        ]
    },
    "menu_change_language": {
        "label": "label_change_language",
        "buttons": [
            {"label": "button_ru", "callback_data": "action_ru"},
            {"label": "button_en", "callback_data": "action_en"},
            {"label": "button_back", "callback_data": "menu_main"}
        ]
    },
    "menu_filter": {
        "label": "label_filter",
        "buttons": [
            {"label": "button_city", "callback_data": "menu_city"},
            {"label": "button_type", "callback_data": "menu_type"},
            {"label": "button_back", "callback_data": "menu_main"}
        ]
    },
    "menu_help": {
        "label": "label_help",
        "buttons": [
            {"label": "button_about", "callback_data": "action_about"},
            {"label": "button_instruction", "callback_data": "action_instruction"},
            {"label": "button_back", "callback_data": "menu_main"}
        ]
    }
}