{
    "nekretnine": {
      "BASE_URL": "https://www.nekretnine.rs",
      "OFFER_CLASS": "row offer",
      "TITLE_CLASS": "offer-title",
      "LOCATION_CLASS": "offer-location",
      "ROOMS_CLASS": "offer-meta-info",
      "PRICE_CLASS": "offer-price",
      "AREA_CLASS": "offer-price--invert",
      "LINK_HREF_OFFER_CLASS": "offer-title",
      "IMG_SRC_OFFER_CLASS": "img-fluid",
      "NEXT_BUTTON_CLASS": "next-article-button",
      "NEXT_PAGE": "stranica/{page_number}/",
      "NEXT_BUTTON_TAG": "a",
      "OFFER_TAG": "div",
      "TITLE_TAG": "h2",
      "LOCATION_TAG": "p",
      "ROOMS_TAG": "div",
      "PRICE_TAG": "p",
      "AREA_TAG": "p",
      "LINK_HREF_OFFER_TAG": "h2",
      "IMG_SRC_OFFER_TAG": "img"
    },
    "cityexpert": {
      "BASE_URL": "https://cityexpert.rs",
      "OFFER_CLASS": "prop-card ng-star-inserted",
      "TITLE_CLASS": "property-card__place",
      "LOCATION_CLASS": "property-card__place",
      "ROOMS_CLASS": "property-card__feature",
      "PRICE_CLASS": "tw-flex tw-flex-col property-card__price-value",
      "AREA_CLASS": "property-card__feature",
      "LINK_HREF_OFFER_CLASS": "tw-absolute tw-inset-0",
      "IMG_SRC_OFFER_CLASS": "tw-w-full tw-h-auto tw-max-w-full tw-max-h-full tw-object-cover",
      "NEXT_BUTTON_CLASS": "tw-px-2",
      "NEXT_PAGE": "&currentPage={page_number}",
      "NEXT_BUTTON_TAG": "a",
      "OFFER_TAG": "div",
      "TITLE_TAG": "div",
      "LOCATION_TAG": "div",
      "ROOMS_TAG": "div",
      "PRICE_TAG": "div",
      "AREA_TAG": "div",
      "LINK_HREF_OFFER_TAG": "div",
      "IMG_SRC_OFFER_TAG": "img"
    },
    "4zida": {
      "BASE_URL": "https://www.4zida.rs",
      "OFFER_CLASS": "flex flex-col gap-4",
      "TITLE_CLASS": "truncate font-medium leading-tight desk:text-lg",
      "LOCATION_CLASS": "line-clamp-2 text-wrap text-xs !leading-tight text-foreground/60 desk:line-clamp-3 desk:text-sm",
      "ROOMS_CLASS": "px-1 py-3 text-center font-bold leading-[0.9rem]",
      "PRICE_CLASS": "rounded-tl bg-spotlight px-2 py-1 text-lg font-bold desk:text-2xl",
      "AREA_CLASS": "px-1 py-3 text-center font-bold leading-[0.9rem]",
      "FLOOR_CLASS": "px-1 py-3 text-center font-bold leading-[0.9rem]",
      "LINK_HREF_OFFER_CLASS": "flex justify-between gap-1",
      "IMG_SRC_OFFER_CLASS": "relative size-full bg-black/50",
      "NEXT_BUTTON_CLASS": "flex justify-center items-center w-12 h-12 border border-neutral bg-white text-primary aspect-square hover:bg-gray-300 hover:text-white transition-colors border-r",
      "NEXT_PAGE": "&strana={page_number}",
      "NEXT_BUTTON_TAG": "a",
      "OFFER_TAG": "div",
      "TITLE_TAG": "p",
      "LOCATION_TAG": "p",
      "ROOMS_TAG": "a",
      "PRICE_TAG": "p",
      "AREA_TAG": "a",
      "FLOOR_TAG": "a",
      "LINK_HREF_OFFER_TAG": "a",
      "IMG_SRC_OFFER_TAG": "div"
    }
  }